住所,緯度,経度
埼玉県さいたま市大宮区大成町2丁目282番地,,
埼玉県さいたま市大宮区大成町2丁目176番地,,
埼玉県さいたま市大宮区大成町2丁目478番地1,,
埼玉県さいたま市大宮区大成町3丁目241番地,,
埼玉県さいたま市大宮区大成町3丁目254番地2,,
埼玉県さいたま市大宮区大成町2丁目310番地,,
埼玉県さいたま市大宮区大成町3丁目562番地,,
埼玉県さいたま市大宮区大成町3丁目562番地,,
埼玉県さいたま市大宮区大成町2丁目379番地,,
埼玉県さいたま市大宮区大成町1丁目205番地,,
埼玉県さいたま市大宮区大成町1丁目205番地,,
埼玉県さいたま市大宮区大成町1丁目5番地,,
埼玉県さいたま市大宮区大成町2丁目269番地,,
埼玉県さいたま市大宮区大成町1丁目465番地,,
埼玉県さいたま市大宮区大成町2丁目379番地,,
埼玉県さいたま市大宮区櫛引町1丁目406番地,,
埼玉県さいたま市大宮区櫛引町1丁目779番地2,,
埼玉県さいたま市大宮区櫛引町1丁目9番地,,
埼玉県さいたま市大宮区櫛引町1丁目440番地1,,
埼玉県さいたま市大宮区櫛引町1丁目654番地,,
埼玉県さいたま市大宮区櫛引町1丁目810番地,,
埼玉県さいたま市大宮区櫛引町1丁目826番地,,
埼玉県さいたま市大宮区櫛引町1丁目528番地,,
埼玉県さいたま市大宮区三橋1丁目664番地,,
埼玉県さいたま市大宮区三橋1丁目55番地,35.9039984,139.6109307
埼玉県さいたま市大宮区三橋1丁目55番地,35.9039984,139.6109307
埼玉県さいたま市大宮区三橋1丁目629番地4,,
埼玉県さいたま市大宮区三橋1丁目850番地1,,
埼玉県さいたま市大宮区三橋1丁目850番地1,,
埼玉県さいたま市大宮区三橋1丁目55番地,35.9039984,139.6109307
埼玉県さいたま市大宮区三橋1丁目745番地2,,
埼玉県さいたま市大宮区三橋2丁目20番地,35.9039984,139.6109307
埼玉県さいたま市大宮区三橋2丁目20番地,35.9039984,139.6109307
埼玉県さいたま市大宮区三橋2丁目20番地,35.9039984,139.6109307
埼玉県さいたま市大宮区三橋2丁目929番地,,
埼玉県さいたま市大宮区三橋2丁目250番地,,
埼玉県さいたま市大宮区三橋2丁目250番地,,
埼玉県さいたま市大宮区三橋2丁目428番地2,,
埼玉県さいたま市大宮区三橋1丁目1300番地,,
埼玉県さいたま市大宮区三橋4丁目96番地,35.8991959,139.5971643
埼玉県さいたま市大宮区三橋4丁目96番地,35.8991959,139.5971643
埼玉県さいたま市大宮区三橋4丁目3番地,,
埼玉県さいたま市大宮区三橋4丁目96番地,35.8991959,139.5971643
埼玉県さいたま市大宮区三橋4丁目258番地,35.8991959,139.5971643
埼玉県さいたま市大宮区三橋2丁目565番地2,,
埼玉県さいたま市大宮区三橋4丁目904番地,,
埼玉県さいたま市大宮区三橋2丁目580番地2,,
埼玉県さいたま市大宮区三橋3丁目52番地,,
埼玉県さいたま市大宮区上小町1043番地,35.900605,139.6112282
埼玉県さいたま市大宮区三橋3丁目118番地,35.8994634,139.5996266
埼玉県さいたま市大宮区上小町1208番地1,,
埼玉県さいたま市大宮区三橋3丁目118番地,35.8994634,139.5996266
埼玉県さいたま市大宮区三橋3丁目85番地,,
埼玉県さいたま市大宮区三橋2丁目736番地,,
埼玉県さいたま市大宮区上小町845番地4,,
埼玉県さいたま市大宮区上小町1110番地,,
埼玉県さいたま市大宮区上小町422番地,,
埼玉県さいたま市大宮区上小町1096番地,,
埼玉県さいたま市大宮区上小町1036番地2,,
埼玉県さいたま市大宮区上小町615番地4,,
埼玉県さいたま市大宮区上小町535番地,,
埼玉県さいたま市大宮区上小町1337番地,35.900605,139.6112282
埼玉県さいたま市大宮区上小町1337番地,35.900605,139.6112282
埼玉県さいたま市大宮区上小町1337番地,35.900605,139.6112282
埼玉県さいたま市大宮区上小町1043番地,35.900605,139.6112282
埼玉県さいたま市大宮区桜木町4丁目609番地,,
埼玉県さいたま市大宮区中央区本町東6丁目11番1号先,,
埼玉県さいたま市大宮区桜木町4丁目534番地,,
埼玉県さいたま市大宮区桜木町4丁目219番地,,
埼玉県さいたま市大宮区桜木町4丁目219番地,,
埼玉県さいたま市大宮区桜木町4丁目219番地,,
埼玉県さいたま市大宮区桜木町4丁目174番地,,
埼玉県さいたま市大宮区桜木町4丁目328番地9,,
埼玉県さいたま市大宮区桜木町4丁目328番地9,,
埼玉県さいたま市大宮区桜木町4丁目926番地先,,
埼玉県さいたま市大宮区桜木町1丁目7番地7,,
埼玉県さいたま市大宮区桜木町1丁目7番地8,,
埼玉県さいたま市大宮区桜木町3丁目172番地13,,
埼玉県さいたま市大宮区桜木町１丁目213番地1,,
埼玉県さいたま市大宮区桜木町3丁目1番地１,,
埼玉県さいたま市大宮区桜木町2丁目462番地,,
埼玉県さいたま市大宮区桜木町3丁目1番地１,,
埼玉県さいたま市大宮区大門町２丁目119番地,,
埼玉県さいたま市大宮区大門町1丁目13番地先,,
埼玉県さいたま市大宮区下町3丁目47番地先,,
埼玉県さいたま市大宮区大門町２丁目７９番地先,,
埼玉県さいたま市大宮区大門町3丁目45番地,,
埼玉県さいたま市大宮区東町1丁目16番地2,,
埼玉県さいたま市大宮区下町3丁目8番地先,,
埼玉県さいたま市大宮区吉敷町1丁目120番地1,,
埼玉県さいたま市大宮区宮町3丁目84番地,,
埼玉県さいたま市大宮区高鼻町1丁目339番地,,
埼玉県さいたま市大宮区高鼻町1丁目194番地,,
埼玉県さいたま市大宮区宮町2丁目90番地,,
埼玉県さいたま市大宮区宮町3丁目84番地,,
埼玉県さいたま市大宮区宮町3丁目113番地3,,
埼玉県さいたま市大宮区高鼻町1丁目440番地先,,
埼玉県さいたま市大宮区土手町3丁目24番地,,
埼玉県さいたま市大宮区土手町1丁目154番地,,
埼玉県さいたま市大宮区土手町1丁目153番地,,
埼玉県さいたま市大宮区土手町1丁目153番地,,
埼玉県さいたま市大宮区土手町3丁目184番地,,
埼玉県さいたま市大宮区土手町2丁目97番地,,
埼玉県さいたま市大宮区土手町3丁目285番地,,
埼玉県さいたま市大宮区寿能町1丁目21番地,,
埼玉県さいたま市大宮区寿能町1丁目31番地1,,
埼玉県さいたま市大宮区寿能町2丁目195番地1,,
埼玉県さいたま市大宮区寿能町2丁目195番地1,,
埼玉県さいたま市大宮区寿能町2丁目140番地,,
埼玉県さいたま市大宮区寿能町2丁目155番地,,
埼玉県さいたま市大宮区高鼻町4丁目130番地,,
埼玉県さいたま市大宮区堀の内町3丁目145番地,,
埼玉県さいたま市大宮区堀の内町2丁目276番地2,,
埼玉県さいたま市大宮区堀の内町3丁目145番地,,
埼玉県さいたま市大宮区堀の内町3丁目367番地,,
埼玉県さいたま市大宮区高鼻町1丁目170番地先,,
埼玉県さいたま市大宮区堀の内町3丁目145番地,,
埼玉県さいたま市大宮区高鼻町2丁目405番地,,
埼玉県さいたま市大宮区堀の内町1丁目123番地2,,
埼玉県さいたま市大宮区天沼町1丁目148番地1,,
埼玉県さいたま市大宮区天沼町1丁目194番地,,
埼玉県さいたま市大宮区堀の内町1丁目50番地先,,
埼玉県さいたま市大宮区堀の内町1丁目99番地,,
埼玉県さいたま市大宮区堀の内町1丁目410番地2,,
埼玉県さいたま市大宮区堀の内町1丁目99番地,,
埼玉県さいたま市大宮区堀の内町1丁目182番地2,,
埼玉県さいたま市大宮区堀の内町1丁目615番地,,
埼玉県さいたま市大宮区天沼町1丁目760番地,,
埼玉県さいたま市大宮区堀の内町2丁目612番地,,
埼玉県さいたま市大宮区天沼町1丁目760番地,,
埼玉県さいたま市大宮区堀の内町1丁目615番地,,
埼玉県さいたま市大宮区堀の内町1丁目606番地先,,
埼玉県さいたま市大宮区堀の内町1丁目577番地1,,
埼玉県さいたま市大宮区天沼町2丁目1077番地,,
埼玉県さいたま市大宮区天沼町1丁目347番地,,
埼玉県さいたま市大宮区天沼町1丁目523番地2,,
埼玉県さいたま市大宮区天沼町1丁目337番地,,
埼玉県さいたま市大宮区天沼町2丁目930番地,,
埼玉県さいたま市大宮区天沼町2丁目999番地3,,
埼玉県さいたま市大宮区天沼町2丁目1062番地14先,,
埼玉県さいたま市大宮区天沼町2丁目362番地,,
埼玉県さいたま市大宮区天沼町2丁目179番地,,
埼玉県さいたま市大宮区天沼町2丁目323番地,,
埼玉県さいたま市大宮区天沼町2丁目362番地,,
埼玉県さいたま市大宮区天沼町2丁目438番地1,,
埼玉県さいたま市大宮区天沼町2丁目725番地2,,
埼玉県さいたま市大宮区大原7丁目1番1号,,
埼玉県さいたま市大宮区吉敷町3丁目87番地,,
埼玉県さいたま市大宮区吉敷町3丁目87番地,,
埼玉県さいたま市大宮区吉敷町3丁目87番地,,
埼玉県さいたま市大宮区吉敷町1丁目124番地1,,
埼玉県さいたま市大宮区吉敷町4丁目197番地3,,
埼玉県さいたま市大宮区吉敷町1丁目46番地先,,
埼玉県さいたま市大宮区吉敷町4丁目223番地2,,
埼玉県さいたま市大宮区吉敷町４丁目87番地1,,
埼玉県さいたま市大宮区北袋町1丁目190番地,,
埼玉県さいたま市大宮区北袋町1丁目190番地,,
埼玉県さいたま市大宮区北袋町1丁目190番地,,
埼玉県さいたま市大宮区北袋町2丁目81番地,,
埼玉県さいたま市大宮区北袋町2丁目237番地,,
埼玉県さいたま市大宮区北袋町2丁目158番地,,
埼玉県さいたま市大宮区北袋町2丁目401番地2,,
埼玉県さいたま市大宮区北袋町1丁目700番地,,
